category,book_id,book_url,title,author,avg_rating,ratings,reviews,pages,publication_date,kindle_price,books,followers,votes,genre_rank,overall_rank,price,numeric_pages
Fiction,58784475,https://www.goodreads.com/book/show/58784475-tomorrow-and-tomorrow-and-tomorrow?from_choice=true,"Tomorrow, and Tomorrow, and Tomorrow",Gabrielle Zevin,4.2,"723,471",,401 pages,2022-07-05,Kindle $13.99,17,136,90971,1,7,13.99,401.0
Fiction,57701764,https://www.goodreads.com/book/show/57701764-wish-you-were-here?from_choice=true,Wish You Were Here,Jodi Picoult,3.93,"225,540",,310 pages,2021-11-30,Kindle $13.99,105,788,54368,2,20,13.99,310.0
Fiction,60209470,https://www.goodreads.com/book/show/60209470-the-winners?from_choice=true,The Winners,Fredrik Backman,4.46,"99,892",,673 pages,2022-01-01,,29,681,52412,3,21,,673.0
Fiction,58733693,https://www.goodreads.com/book/show/58733693-remarkably-bright-creatures?from_choice=true,Remarkably Bright Creatures,Shelby Van Pelt,4.41,"435,443",,360 pages,2022-05-03,Kindle $16.99,1,5006,45635,4,26,16.99,360.0
Fiction,59227941,https://www.goodreads.com/book/show/59227941-the-hotel-nantucket?from_choice=true,The Hotel Nantucket,Elin Hilderbrand,4.07,"204,951",,416 pages,2022-06-14,Kindle $9.99,82,408,39882,5,34,9.99,416.0
Fiction,60149573,https://www.goodreads.com/book/show/60149573-our-missing-hearts?from_choice=true,Our Missing Hearts,Celeste Ng,3.81,"162,997",,335 pages,2022-10-04,Kindle $6.99,18,899,34753,6,46,6.99,335.0
Fiction,57693262,https://www.goodreads.com/book/show/57693262-cleopatra-and-frankenstein?from_choice=true,Cleopatra and Frankenstein,Coco Mellors,3.77,"88,170",,384 pages,2022-02-15,Kindle $8.20,2,1482,32387,7,50,8.2,384.0
Fiction,57739876,https://www.goodreads.com/book/show/57739876-to-paradise?from_choice=true,To Paradise,Hanya Yanagihara,3.77,"41,550",,720 pages,2022-01-11,Kindle $12.99,19,203,31569,8,52,12.99,720.0
Fiction,59807954,https://www.goodreads.com/book/show/59807954-other-birds?from_choice=true,Other Birds,Sarah Addison Allen,4.04,"56,323",,290 pages,2022-08-30,Kindle Unlimited $0.00,37,17,24077,9,82,0.0,290.0
Fiction,57773248,https://www.goodreads.com/book/show/57773248-notes-on-an-execution?from_choice=true,Notes on an Execution,Danya Kukafka,4.09,"79,604",,306 pages,2022-01-25,Kindle Unlimited $0.00,2,1384,22990,10,86,0.0,306.0
Fiction,59912428,https://www.goodreads.com/book/show/59912428-mad-honey?from_choice=true,Mad Honey,"Jodi Picoult,Jennifer Finney Boylan",4.12,"339,824",,464 pages,2022-10-04,Kindle $12.99,105,788,8654,11,166,12.99,464.0
Fiction,57693171,https://www.goodreads.com/book/show/57693171-olga-dies-dreaming?from_choice=true,Olga Dies Dreaming,Xóchitl González,3.99,"58,332",,369 pages,2022-01-04,Kindle Unlimited $0.00,2,1461,8239,12,171,0.0,369.0
Fiction,59089704,https://www.goodreads.com/book/show/59089704-this-time-tomorrow?from_choice=true,This Time Tomorrow,Emma Straub,3.8,"124,330",,310 pages,2022-05-17,Kindle $1.99,27,4952,7764,13,174,1.99,310.0
Fiction,60194162,https://www.goodreads.com/book/show/60194162-demon-copperhead?from_choice=true,Demon Copperhead,Barbara Kingsolver,4.52,"320,261",,560 pages,2022-10-18,Kindle $16.99,76,208,7276,14,179,16.99,560.0
Fiction,58395049,https://www.goodreads.com/book/show/58395049-true-biz?from_choice=true,True Biz,Sara Nović,4.1,"59,962",,386 pages,2022-04-05,Kindle $12.99,7,1373,6141,15,184,12.99,386.0
Fiction,58537371,https://www.goodreads.com/book/show/58537371-nightcrawling?from_choice=true,Nightcrawling,Leila Mottley,4.0,"44,153",,277 pages,2022-06-07,Kindle $12.99,6,881,6138,16,185,12.99,277.0
Fiction,60657583,https://www.goodreads.com/book/show/60657583-lucy-by-the-sea?from_choice=true,Lucy by the Sea,Elizabeth Strout,3.93,"61,417",,291 pages,2022-09-20,,46,12,5337,17,196,,291.0
Fiction,56271394,https://www.goodreads.com/book/show/56271394-honor?from_choice=true,Honor,Thrity Umrigar,4.38,"52,777",,326 pages,2022-01-04,Kindle $13.99,17,2374,4708,18,208,13.99,326.0
Fiction,59808037,https://www.goodreads.com/book/show/59808037-how-not-to-drown-in-a-glass-of-water?from_choice=true,How Not to Drown in a Glass of Water,Angie Cruz,3.9,"21,611",,195 pages,2022-09-13,Kindle $11.99,23,948,3883,19,229,11.99,195.0
Fiction,60415700,https://www.goodreads.com/book/show/60415700-now-is-not-the-time-to-panic?from_choice=true,Now Is Not the Time to Panic,Kevin    Wilson,3.7,"48,757",,246 pages,2022-11-15,Kindle $14.99,18,3449,3689,20,232,14.99,246.0
Mystery & Thriller,55196813,https://www.goodreads.com/book/show/55196813-the-maid?from_choice=true,The Maid,Nita Prose,3.78,"493,283",,304 pages,2022-01-04,,8,4766,78403,1,8,,304.0
Mystery & Thriller,58468990,https://www.goodreads.com/book/show/58468990-the-paris-apartment?from_choice=true,The Paris Apartment,Lucy Foley,3.67,"478,567",,360 pages,2022-02-22,Kindle $14.49,19,246,70346,2,10,14.49,360.0
Mystery & Thriller,58957615,https://www.goodreads.com/book/show/58957615-the-bullet-that-missed?from_choice=true,The Bullet That Missed,Richard Osman,4.39,"147,810",,413 pages,2022-09-15,,23,9434,45969,3,25,,413.0
Mystery & Thriller,57693172,https://www.goodreads.com/book/show/57693172-a-flicker-in-the-dark?from_choice=true,A Flicker in the Dark,Stacy Willingham,4.0,"349,944",,357 pages,2022-01-11,Kindle $9.99,8,9489,36199,4,39,9.99,357.0
Mystery & Thriller,58371432,https://www.goodreads.com/book/show/58371432-the-book-of-cold-cases?from_choice=true,The Book of Cold Cases,Simone St. James,3.79,"106,680",,344 pages,2022-03-15,Kindle $13.99,11,142,29557,5,57,13.99,344.0
Mystery & Thriller,59947696,https://www.goodreads.com/book/show/59947696-wrong-place-wrong-time?from_choice=true,Wrong Place Wrong Time,Gillian McAllister,4.02,"269,237",,416 pages,2022-05-12,Kindle $14.99,13,5842,27574,6,66,14.99,416.0
Mystery & Thriller,60149532,https://www.goodreads.com/book/show/60149532-killers-of-a-certain-age?from_choice=true,Killers of a Certain Age,Deanna Raybourn,3.87,"81,566",,368 pages,2022-09-06,Kindle $11.99,34,7660,27321,7,67,11.99,368.0
Mystery & Thriller,59345249,https://www.goodreads.com/book/show/59345249-the-it-girl?from_choice=true,The It Girl,Ruth Ware,3.86,"214,881",,423 pages,2022-07-12,Kindle $13.99,24,379,25406,8,78,13.99,423.0
Mystery & Thriller,60142750,https://www.goodreads.com/book/show/60142750-all-good-people-here?from_choice=true,All Good People Here,Ashley Flowers,3.85,"192,468",,312 pages,2022-08-16,Kindle $12.99,6,2999,25174,9,79,12.99,312.0
Mystery & Thriller,59808050,https://www.goodreads.com/book/show/59808050-daisy-darker?from_choice=true,Daisy Darker,Alice Feeney,3.78,"159,378",,338 pages,2022-08-30,Kindle $11.99,12,181,24227,10,81,11.99,338.0
Mystery & Thriller,61991328,https://www.goodreads.com/book/show/61991328-the-housemaid?from_choice=true,The Housemaid,Freida McFadden,4.34,"813,004",,325 pages,2022-01-01,,34,53,9762,11,160,,325.0
Mystery & Thriller,57693416,https://www.goodreads.com/book/show/57693416-the-golden-couple?from_choice=true,The Golden Couple,"Greer Hendricks,Sarah Pekkanen",3.99,"189,827",,329 pages,2022-03-03,Kindle Unlimited $0.00,10,107,7441,12,178,0.0,329.0
Mystery & Thriller,58724802,https://www.goodreads.com/book/show/58724802-things-we-do-in-the-dark?from_choice=true,Things We Do in the Dark,Jennifer Hillier,3.96,"87,042",,352 pages,2022-07-19,Kindle Unlimited $0.00,11,104,7219,13,180,0.0,352.0
Mystery & Thriller,58386733,https://www.goodreads.com/book/show/58386733-the-violin-conspiracy?from_choice=true,The Violin Conspiracy,Brendan Slocumb,4.13,"48,450",,345 pages,2022-02-01,Kindle $11.99,2,1213,6208,14,181,11.99,345.0
Mystery & Thriller,58855185,https://www.goodreads.com/book/show/58855185-the-family-remains?from_choice=true,The Family Remains,Lisa Jewell,3.89,"104,867",,452 pages,2022-07-26,,51,612,6070,15,187,,452.0
Mystery & Thriller,57693427,https://www.goodreads.com/book/show/57693427-the-night-shift?from_choice=true,The Night Shift,Alex Finlay,3.92,"59,160",,312 pages,2022-03-01,Kindle $9.99,14,3071,5840,16,189,9.99,312.0
Mystery & Thriller,58756502,https://www.goodreads.com/book/show/58756502-jackal?from_choice=true,Jackal,Erin E. Adams,3.65,"11,190",,336 pages,2022-10-04,Kindle $5.99,3,663,5193,17,201,5.99,336.0
Mystery & Thriller,57649351,https://www.goodreads.com/book/show/57649351-the-overnight-guest?from_choice=true,The Overnight Guest,Heather Gudenkauf,4.04,"89,578",,336 pages,2022-01-25,Kindle $9.99,20,7271,4546,18,213,9.99,336.0
Mystery & Thriller,60417443,https://www.goodreads.com/book/show/60417443-the-family-game?from_choice=true,The Family Game,Catherine Steadman,3.86,"62,049",,319 pages,2022-09-29,Kindle $12.99,9,4500,3122,19,256,12.99,319.0
Mystery & Thriller,58984701,https://www.goodreads.com/book/show/58984701-more-than-you-ll-ever-know?from_choice=true,More Than You'll Ever Know,Katie  Gutierrez,3.74,"20,619",,435 pages,2022-06-07,Kindle Unlimited $0.00,1,499,2739,20,271,0.0,435.0
Historical Fiction,60435878,https://www.goodreads.com/book/show/60435878-carrie-soto-is-back?from_choice=true,Carrie Soto Is Back,Taylor Jenkins Reid,4.22,"463,558",,384 pages,2022-08-30,Kindle $13.99,21,171,100745,1,5,13.99,384.0
Historical Fiction,58065033,https://www.goodreads.com/book/show/58065033-lessons-in-chemistry?from_choice=true,Lessons in Chemistry,Bonnie Garmus,4.31,"1,065,092",,390 pages,2022-03-31,Kindle $14.99,8,9706,92554,2,6,14.99,390.0
Historical Fiction,57699848,https://www.goodreads.com/book/show/57699848-go-tell-the-bees-that-i-am-gone?from_choice=true,Go Tell the Bees That I Am Gone,Diana Gabaldon,4.45,"73,598",,902 pages,2021-11-23,,271,176,42201,3,29,,902.0
Historical Fiction,58490567,https://www.goodreads.com/book/show/58490567-the-diamond-eye?from_choice=true,The Diamond Eye,Kate Quinn,4.29,"124,483",,435 pages,2022-03-29,Kindle $15.99,27,261,35056,4,43,15.99,435.0
Historical Fiction,57926137,https://www.goodreads.com/book/show/57926137-black-cake?from_choice=true,Black Cake,Charmaine Wilkerson,4.11,"160,022",,385 pages,2022-02-01,Kindle $13.99,4,1770,28111,5,61,13.99,385.0
Historical Fiction,57933338,https://www.goodreads.com/book/show/57933338-violeta?from_choice=true,Violeta,"Isabel Allende,Frances Riddle(Translator)",4.03,"75,075",,322 pages,2022-01-25,Kindle $14.99,189,378,26802,6,71,14.99,322.0
Historical Fiction,60353768,https://www.goodreads.com/book/show/60353768-the-marriage-portrait?from_choice=true,The Marriage Portrait,Maggie O'Farrell,4.02,"124,929",,355 pages,2022-08-30,Kindle $12.99,37,119,23656,7,84,12.99,355.0
Historical Fiction,55650158,https://www.goodreads.com/book/show/55650158-take-my-hand?from_choice=true,Take My Hand,Dolen Perkins-Valdez,4.38,"69,147",,359 pages,2022-04-12,Kindle $11.99,7,2001,21970,8,95,11.99,359.0
Historical Fiction,58803339,https://www.goodreads.com/book/show/58803339-the-book-woman-s-daughter?from_choice=true,The Book Woman's Daughter,Kim Michele Richardson,4.22,"59,358",,336 pages,2022-05-03,,14,3385,21013,9,99,,336.0
Historical Fiction,58891551,https://www.goodreads.com/book/show/58891551-young-mungo?from_choice=true,Young Mungo,Douglas   Stuart,4.38,"51,318",,390 pages,2022-04-05,Kindle $9.00,14,3913,18330,10,110,9.0,390.0
Historical Fiction,57099323,https://www.goodreads.com/book/show/57099323-the-magnolia-palace?from_choice=true,The Magnolia Palace,Fiona  Davis,3.88,"65,877",,340 pages,2022-01-25,Kindle $11.99,12,6502,5878,11,188,11.99,340.0
Historical Fiction,57693519,https://www.goodreads.com/book/show/57693519-the-last-house-on-the-street?from_choice=true,The Last House on the Street,Diane Chamberlain,4.24,"49,729",,344 pages,2022-01-11,Kindle Unlimited $0.00,66,136,5019,12,204,0.0,344.0
Historical Fiction,52268640,https://www.goodreads.com/book/show/52268640-memphis?from_choice=true,Memphis,Tara M. Stringfellow,4.11,"30,902",,272 pages,2022-04-05,Kindle $14.99,2,790,5009,13,205,14.99,272.0
Historical Fiction,59807978,https://www.goodreads.com/book/show/59807978-hester?from_choice=true,Hester,Laurie Lico Albanese,3.97,"33,342",,322 pages,2022-10-04,Kindle Unlimited $0.00,9,770,4866,14,207,0.0,322.0
Historical Fiction,57518629,https://www.goodreads.com/book/show/57518629-the-last-rose-of-shanghai?from_choice=true,The Last Rose of Shanghai,Weina Dai Randel,4.13,"38,741",,447 pages,2021-12-01,Kindle Unlimited $0.00,4,856,4265,15,222,0.0,447.0
Historical Fiction,60371805,https://www.goodreads.com/book/show/60371805-shrines-of-gaiety?from_choice=true,Shrines of Gaiety,Kate Atkinson,3.86,"31,281",,416 pages,2022-09-27,Kindle $12.99,59,107,3351,16,243,12.99,416.0
Historical Fiction,58210933,https://www.goodreads.com/book/show/58210933-trust?from_choice=true,Trust,Hernan Diaz,3.85,"80,340",,402 pages,2022-05-03,Kindle $11.99,14,1721,3275,17,246,11.99,402.0
Historical Fiction,60526801,https://www.goodreads.com/book/show/60526801-the-passenger?from_choice=true,The Passenger,Cormac McCarthy,3.59,"26,908",,385 pages,2022-10-25,,58,24,3237,18,251,,385.0
Historical Fiction,58231775,https://www.goodreads.com/book/show/58231775-peach-blossom-spring?from_choice=true,Peach Blossom Spring,Melissa Fu,4.19,"16,052",,400 pages,2022-03-15,Kindle $12.99,5,356,3029,19,260,12.99,400.0
Historical Fiction,55987334,https://www.goodreads.com/book/show/55987334-four-treasures-of-the-sky?from_choice=true,Four Treasures of the Sky,Jenny Tinghui Zhang,4.09,"14,932",,326 pages,2022-04-05,Kindle $11.99,4,422,2581,20,280,11.99,326.0
Fantasy,40132775,https://www.goodreads.com/book/show/40132775-house-of-sky-and-breath?from_choice=true,House of Sky and Breath,Sarah J. Maas,4.52,"346,162",,805 pages,2022-02-15,,92,372,105718,1,4,,805.0
Fantasy,57945316,https://www.goodreads.com/book/show/57945316-babel?from_choice=true,Babel,R.F. Kuang,4.22,"181,965",,544 pages,2022-08-23,Kindle $15.49,19,453,62732,2,13,15.49,544.0
Fantasy,60177373,https://www.goodreads.com/book/show/60177373-fairy-tale?from_choice=true,Fairy Tale,Stephen King,4.12,"211,728",,599 pages,2022-09-06,Kindle $14.99,"2,526",838,60818,3,15,14.99,599.0
Fantasy,59807955,https://www.goodreads.com/book/show/59807955-the-atlas-six?from_choice=true,The Atlas Six,Olivie Blake,3.63,"185,426",,375 pages,2020-01-31,,25,124,57401,4,18,,375.0
Fantasy,58547540,https://www.goodreads.com/book/show/58547540-the-war-of-two-queens?from_choice=true,The War of Two Queens,Jennifer L. Armentrout,4.08,"167,042",,628 pages,2022-03-15,,156,129,34791,5,45,,628.0
Fantasy,57789637,https://www.goodreads.com/book/show/57789637-daughter-of-the-moon-goddess?from_choice=true,Daughter of the Moon Goddess,"Sue Lynn Tan,Kuri Huang(Illustrator)",4.12,"75,710",,503 pages,2022-01-11,,8,5516,33066,6,48,,503.0
Fantasy,60018635,https://www.goodreads.com/book/show/60018635-the-very-secret-society-of-irregular-witches?from_choice=true,The Very Secret Society of Irregular Witches,Sangu Mandanna,4.13,"137,744",,318 pages,2022-08-23,Kindle $12.99,18,2982,30599,7,56,12.99,318.0
Fantasy,60314494,https://www.goodreads.com/book/show/60314494-legends-lattes?from_choice=true,Legends & Lattes,Travis  Baldree,4.17,"157,079",,305 pages,2022-02-22,,143,5808,26408,8,74,,305.0
Fantasy,23947089,https://www.goodreads.com/book/show/23947089-the-lost-metal?from_choice=true,The Lost Metal,Brandon Sanderson,4.48,"58,725",,507 pages,2022-11-15,,430,220,21294,9,97,,507.0
Fantasy,59743340,https://www.goodreads.com/book/show/59743340-the-golden-enclaves?from_choice=true,The Golden Enclaves,Naomi Novik,4.15,"67,855",,416 pages,2022-09-27,,76,314,19076,10,108,,416.0
Fantasy,58725016,https://www.goodreads.com/book/show/58725016-elektra?from_choice=true,Elektra,Jennifer Saint,3.7,"34,828",,291 pages,2022-04-26,Kindle $12.99,7,4433,6178,11,182,12.99,291.0
Fantasy,57127277,https://www.goodreads.com/book/show/57127277-kaikeyi?from_choice=true,Kaikeyi,Vaishnavi Patel,4.2,"25,966",,478 pages,2022-04-26,Kindle $9.99,5,1167,6145,12,183,9.99,478.0
Fantasy,58724745,https://www.goodreads.com/book/show/58724745-the-book-eaters?from_choice=true,The Book Eaters,Sunyi Dean,3.65,"35,860",,298 pages,2022-08-02,Kindle $12.99,12,1233,6095,13,186,12.99,298.0
Fantasy,58783802,https://www.goodreads.com/book/show/58783802-when-women-were-dragons?from_choice=true,When Women Were Dragons,Kelly Barnhill,3.89,"35,053",,367 pages,2022-05-03,Kindle $11.99,48,3432,5573,14,192,11.99,367.0
Fantasy,56179377,https://www.goodreads.com/book/show/56179377-nettle-bone?from_choice=true,Nettle & Bone,T. Kingfisher,4.16,"61,534",,243 pages,2022-04-26,Kindle Unlimited $0.00,46,113,5293,15,198,0.0,243.0
Fantasy,60399181,https://www.goodreads.com/book/show/60399181-the-world-we-make?from_choice=true,The World We Make,N.K. Jemisin,4.12,"13,735",,357 pages,2022-11-01,,117,56,3974,16,225,,357.0
Fantasy,58132544,https://www.goodreads.com/book/show/58132544-a-river-enchanted?from_choice=true,A River Enchanted,Rebecca   Ross,4.12,"43,446",,480 pages,2022-02-15,,8,125,3696,17,231,,480.0
Fantasy,60018639,https://www.goodreads.com/book/show/60018639-thistlefoot?from_choice=true,Thistlefoot,GennaRose Nethercott,3.97,"16,747",,448 pages,2022-09-13,Kindle $11.99,7,684,3369,18,242,11.99,448.0
Fantasy,58950705,https://www.goodreads.com/book/show/58950705-the-stardust-thief?from_choice=true,The Stardust Thief,Chelsea Abdullah,4.02,"20,723",,468 pages,2022-05-17,,3,1336,2987,19,263,,468.0
Romance,58690308,https://www.goodreads.com/book/show/58690308-book-lovers?from_choice=true,Book Lovers,Emily Henry,4.15,"973,241",,377 pages,2022-05-03,Kindle $9.99,15,105,175857,1,2,9.99,377.0
Romance,58346977,https://www.goodreads.com/book/show/58346977-reminders-of-him?from_choice=true,Reminders of Him,Colleen Hoover,4.4,"1,117,240",,320 pages,2022-01-18,Kindle Unlimited $0.00,80,695,64550,2,11,0.0,320.0
Romance,60393672,https://www.goodreads.com/book/show/60393672-it-starts-with-us?from_choice=true,It Starts with Us,Colleen Hoover,3.88,"1,303,462",,323 pages,2022-10-18,,80,695,62221,3,14,,323.0
Romance,59856881,https://www.goodreads.com/book/show/59856881-love-on-the-brain?from_choice=true,Love on the Brain,Ali Hazelwood,3.93,"402,750",,354 pages,2022-08-23,,11,909,48628,4,23,,354.0
Romance,58014893,https://www.goodreads.com/book/show/58014893-every-summer-after?from_choice=true,Every Summer After,Carley Fortune,4.23,"478,981",,320 pages,2022-05-10,Kindle $10.99,3,112,40868,5,31,10.99,320.0
Romance,60156155,https://www.goodreads.com/book/show/60156155-things-we-never-got-over?from_choice=true,Things We Never Got Over,Lucy Score,4.18,"676,161",,552 pages,2022-01-12,,51,374,38940,6,35,,552.0
Romance,54756850,https://www.goodreads.com/book/show/54756850-delilah-green-doesn-t-care?from_choice=true,Delilah Green Doesn't Care,Ashley Herring Blake,4.11,"73,692",,375 pages,2022-02-22,,15,5370,37934,7,36,,375.0
Romance,62056935,https://www.goodreads.com/book/show/62056935-twisted-hate?from_choice=true,Twisted Hate,Ana Huang,4.02,"347,433",,551 pages,2022-01-27,,22,622,35508,8,41,,551.0
Romance,60476301,https://www.goodreads.com/book/show/60476301-terms-and-conditions?from_choice=true,Terms and Conditions,Lauren Asher,4.15,"291,609",,466 pages,2022-02-24,,13,382,27636,9,65,,466.0
Romance,58283080,https://www.goodreads.com/book/show/58283080-hook-line-and-sinker?from_choice=true,"Hook, Line, and Sinker",Tessa Bailey,3.94,"321,898",,353 pages,2022-03-01,,84,51,26240,10,76,,353.0
Romance,58684524,https://www.goodreads.com/book/show/58684524-part-of-your-world?from_choice=true,Part of Your World,Abby Jimenez,4.32,"202,510",,400 pages,2022-04-19,,9,257,9924,11,159,,400.0
Romance,59232998,https://www.goodreads.com/book/show/59232998-you-made-a-fool-of-death-with-your-beauty?from_choice=true,You Made a Fool of Death with Your Beauty,Akwaeke Emezi,3.57,"42,496",,288 pages,2022-05-24,Kindle $12.99,13,8141,8770,12,165,12.99,288.0
Romance,57661359,https://www.goodreads.com/book/show/57661359-electric-idol?from_choice=true,Electric Idol,Katee Robert,3.98,"84,711",,375 pages,2022-01-18,,146,281,8203,13,172,,375.0
Romance,58724801,https://www.goodreads.com/book/show/58724801-the-bodyguard?from_choice=true,The Bodyguard,Katherine Center,4.0,"198,175",,309 pages,2022-07-19,Kindle Unlimited $0.00,17,163,7740,14,175,0.0,309.0
Romance,60114057,https://www.goodreads.com/book/show/60114057-the-american-roommate-experiment?from_choice=true,The American Roommate Experiment,Elena  Armas,3.84,"182,698",,400 pages,2022-09-06,Kindle Unlimited $0.00,6,244,5335,15,197,0.0,400.0
Romance,58065414,https://www.goodreads.com/book/show/58065414-funny-you-should-ask?from_choice=true,Funny You Should Ask,Elissa Sussman,3.61,"113,341",,352 pages,2022-04-12,Kindle $13.99,9,1635,5123,16,202,13.99,352.0
Romance,59314703,https://www.goodreads.com/book/show/59314703-thank-you-for-listening?from_choice=true,Thank You for Listening,Julia Whelan,4.02,"60,871",,432 pages,2022-08-02,Kindle Unlimited $0.00,367,4515,4390,17,217,0.0,432.0
Romance,59949720,https://www.goodreads.com/book/show/59949720-the-kiss-curse?from_choice=true,The Kiss Curse,Erin Sterling,3.79,"51,670",,309 pages,2022-09-20,Kindle $7.99,5,3335,4088,18,224,7.99,309.0
Romance,57007401,https://www.goodreads.com/book/show/57007401-dating-dr-dil?from_choice=true,Dating Dr. Dil,Nisha Sharma,3.62,"54,589",,364 pages,2022-03-15,,14,2138,3180,19,253,,364.0
Romance,55506996,https://www.goodreads.com/book/show/55506996-the-wedding-crasher?from_choice=true,The Wedding Crasher,Mia Sosa,3.68,"31,477",,385 pages,2022-04-05,Kindle $10.99,11,2713,1723,20,312,10.99,385.0
Science Fiction,58446227,https://www.goodreads.com/book/show/58446227-sea-of-tranquility?from_choice=true,Sea of Tranquility,Emily St. John Mandel,4.09,"215,806",,259 pages,2022-04-05,Kindle $11.99,19,228,59920,1,16,11.99,259.0
Science Fiction,54829360,https://www.goodreads.com/book/show/54829360-the-daughter-of-doctor-moreau?from_choice=true,The Daughter of Doctor Moreau,Silvia Moreno-Garcia,3.58,"28,952",,306 pages,2022-07-19,Kindle $13.99,146,199,47544,2,24,13.99,306.0
Science Fiction,58662507,https://www.goodreads.com/book/show/58662507-nona-the-ninth?from_choice=true,Nona the Ninth,Tamsyn Muir,4.35,"34,431",,480 pages,2022-09-13,,39,116,35767,3,40,,480.0
Science Fiction,57850265,https://www.goodreads.com/book/show/57850265-how-high-we-go-in-the-dark?from_choice=true,How High We Go in the Dark,Sequoia Nagamatsu,3.84,"50,374",,304 pages,2022-01-18,Kindle Unlimited $0.00,12,1425,28152,4,59,0.0,304.0
Science Fiction,59838811,https://www.goodreads.com/book/show/59838811-upgrade?from_choice=true,Upgrade,Blake Crouch,3.81,"86,996",,352 pages,2022-07-07,Kindle $12.99,95,493,28129,5,60,12.99,352.0
Science Fiction,58884736,https://www.goodreads.com/book/show/58884736-the-measure?from_choice=true,The Measure,Nikki Erlick,4.01,"168,551",,353 pages,2022-06-28,Kindle $14.99,2,1347,24303,6,80,14.99,353.0
Science Fiction,28335699,https://www.goodreads.com/book/show/28335699-leviathan-falls?from_choice=true,Leviathan Falls,James S.A. Corey,4.54,"50,993",,528 pages,2021-11-30,,69,214,17491,7,114,,528.0
Science Fiction,57693406,https://www.goodreads.com/book/show/57693406-the-kaiju-preservation-society?from_choice=true,The Kaiju Preservation Society,John Scalzi,4.01,"48,302",,264 pages,2022-03-15,Kindle Unlimited $0.00,164,236,15332,8,131,0.0,264.0
Science Fiction,57693184,https://www.goodreads.com/book/show/57693184-dead-silence?from_choice=true,Dead Silence,S.A. Barnes,3.8,"23,310",,343 pages,2022-02-08,Kindle Unlimited $0.00,3,998,14184,9,136,0.0,343.0
Science Fiction,56754734,https://www.goodreads.com/book/show/56754734-hunt-the-stars?from_choice=true,Hunt the Stars,Jessie Mihalik,4.02,"9,005",,419 pages,2022-02-01,,10,1831,10708,10,155,,419.0
Science Fiction,59808117,https://www.goodreads.com/book/show/59808117-ocean-s-echo?from_choice=true,Ocean's Echo,Everina Maxwell,4.14,"6,773",,464 pages,2022-11-01,,7,1636,3899,11,227,,464.0
Science Fiction,60035241,https://www.goodreads.com/book/show/60035241-station-eternity?from_choice=true,Station Eternity,Mur Lafferty,3.72,"5,445",,457 pages,2022-10-04,,116,1617,3237,12,251,,457.0
Science Fiction,59807968,https://www.goodreads.com/book/show/59807968-leech?from_choice=true,Leech,Hiron Ennes,3.61,"6,812",,323 pages,2022-09-27,Kindle $11.99,3,261,3010,13,262,11.99,323.0
Science Fiction,59807970,https://www.goodreads.com/book/show/59807970-self-portrait-with-nothing?from_choice=true,Self-Portrait with Nothing,Aimee Pokwatka,3.52,"1,545",329.0,295 pages,2022-10-18,Kindle $11.99,4,82,2744,14,270,11.99,295.0
Science Fiction,60522318,https://www.goodreads.com/book/show/60522318-lost-in-time?from_choice=true,Lost in Time,A.G. Riddle,4.22,"17,563",,455 pages,2022-09-01,Kindle Unlimited $0.00,21,4941,2737,15,272,0.0,455.0
Science Fiction,58684535,https://www.goodreads.com/book/show/58684535-atomic-anna?from_choice=true,Atomic Anna,Rachel Barenbaum,3.79,"2,102",384.0,433 pages,2022-04-05,Kindle $12.99,2,438,1782,16,306,12.99,433.0
Science Fiction,59808142,https://www.goodreads.com/book/show/59808142-the-genesis-of-misery?from_choice=true,The Genesis of Misery,Neon Yang,3.48,"1,660",451.0,419 pages,2022-09-27,Kindle $11.99,13,521,1565,17,315,11.99,419.0
Science Fiction,57693457,https://www.goodreads.com/book/show/57693457-mickey7?from_choice=true,Mickey7,Edward Ashton,3.77,"11,408",,304 pages,2022-02-15,,21,515,1480,18,318,,304.0
Science Fiction,57771216,https://www.goodreads.com/book/show/57771216-sleepwalk?from_choice=true,Sleepwalk,Dan Chaon,3.66,"3,485",595.0,320 pages,2022-05-24,Kindle $11.99,44,1394,1185,19,324,11.99,320.0
Science Fiction,60293362,https://www.goodreads.com/book/show/60293362-primitives?from_choice=true,Primitives,Erich Krauss,3.88,"1,016",197.0,424 pages,2022-05-10,Kindle $9.99,39,91,855,20,334,9.99,424.0
Horror,58724923,https://www.goodreads.com/book/show/58724923-hidden-pictures?from_choice=true,Hidden Pictures,Jason Rekulak,4.14,"209,726",,372 pages,2022-05-10,Kindle Unlimited $0.00,13,2538,35457,1,42,0.0,372.0
Horror,57840571,https://www.goodreads.com/book/show/57840571-the-hacienda?from_choice=true,The Hacienda,Isabel Cañas,3.84,"38,625",,352 pages,2022-05-03,Kindle $11.99,7,2462,30799,2,54,11.99,352.0
Horror,58724626,https://www.goodreads.com/book/show/58724626-what-moves-the-dead?from_choice=true,What Moves the Dead,T. Kingfisher,3.91,"53,008",,176 pages,2022-07-12,,46,113,26914,3,70,,176.0
Horror,59366265,https://www.goodreads.com/book/show/59366265-gwendy-s-final-task?from_choice=true,Gwendy's Final Task,"Stephen King,Richard  Chizmar",4.09,"16,901",,288 pages,2022-02-15,,"2,526",838,22244,4,92,,288.0
Horror,58966216,https://www.goodreads.com/book/show/58966216-juniper-thorn?from_choice=true,Juniper & Thorn,Ava Reid,3.67,"15,602",,368 pages,2022-06-21,Kindle $13.49,4,3201,22109,5,93,13.49,368.0
Horror,58724816,https://www.goodreads.com/book/show/58724816-our-wives-under-the-sea?from_choice=true,Our Wives Under the Sea,Julia Armfield,3.8,"56,594",,228 pages,2022-03-03,Kindle $11.99,8,1152,21096,6,98,11.99,228.0
Horror,58438554,https://www.goodreads.com/book/show/58438554-the-children-on-the-hill?from_choice=true,The Children on the Hill,Jennifer  McMahon,3.86,"27,460",,338 pages,2022-04-26,Kindle $9.99,19,9559,17488,7,115,9.99,338.0
Horror,60052118,https://www.goodreads.com/book/show/60052118-house-of-hunger?from_choice=true,House of Hunger,Alexis Henderson,3.66,"13,263",,304 pages,2022-09-27,Kindle $11.99,9,2717,12457,8,146,11.99,304.0
Horror,57926112,https://www.goodreads.com/book/show/57926112-the-violence?from_choice=true,The Violence,Delilah S. Dawson,3.85,"7,198",,512 pages,2022-02-01,Kindle $13.99,131,1954,10479,9,156,13.99,512.0
Horror,53620541,https://www.goodreads.com/book/show/53620541-just-like-mother?from_choice=true,Just Like Mother,Anne Heltzel,3.7,"10,675",,320 pages,2022-05-17,Kindle $12.99,6,338,9676,10,161,12.99,320.0
Horror,53329296,https://www.goodreads.com/book/show/53329296-manhunt?from_choice=true,Manhunt,Gretchen Felker-Martin,3.57,"10,544",,296 pages,2022-02-22,Kindle Unlimited $0.00,11,829,3534,11,236,0.0,296.0
Horror,59746719,https://www.goodreads.com/book/show/59746719-gallows-hill?from_choice=true,Gallows Hill,Darcy Coates,3.94,"8,038",,377 pages,2022-09-06,Kindle $4.99,63,8524,3527,12,238,4.99,377.0
Horror,59575958,https://www.goodreads.com/book/show/59575958-small-angels?from_choice=true,Small Angels,Lauren Owen,3.68,"6,605",,400 pages,2022-08-02,Kindle $7.99,9,321,3379,13,241,7.99,400.0
Horror,60209475,https://www.goodreads.com/book/show/60209475-we-spread?from_choice=true,We Spread,Iain Reid,3.79,"14,809",,304 pages,2022-09-27,Kindle $13.99,7,3804,3253,14,250,13.99,304.0
Horror,60097467,https://www.goodreads.com/book/show/60097467-such-sharp-teeth?from_choice=true,Such Sharp Teeth,Rachel   Harrison,3.86,"13,121",,336 pages,2022-10-04,Kindle $12.99,7,1997,2953,15,264,12.99,336.0
Horror,57693183,https://www.goodreads.com/book/show/57693183-sundial?from_choice=true,Sundial,Catriona Ward,3.8,"17,013",,292 pages,2022-03-01,Kindle $12.99,21,3797,2630,16,276,12.99,292.0
Horror,58978299,https://www.goodreads.com/book/show/58978299-the-devil-takes-you-home?from_choice=true,The Devil Takes You Home,Gabino Iglesias,3.68,"8,919",,320 pages,2022-08-02,Kindle $11.99,78,966,2621,17,277,11.99,320.0
Horror,60652964,https://www.goodreads.com/book/show/60652964-white-horse?from_choice=true,White Horse,Erika T. Wurth,3.52,"10,524",,320 pages,2022-11-01,Kindle $12.99,14,550,2548,18,281,12.99,320.0
Horror,55959421,https://www.goodreads.com/book/show/55959421-the-cherry-robbers?from_choice=true,The Cherry Robbers,Sarai Walker,3.98,"5,523",941.0,432 pages,2022-05-17,Kindle $15.99,2,824,2124,19,291,15.99,432.0
Horror,58652649,https://www.goodreads.com/book/show/58652649-the-fervor?from_choice=true,The Fervor,Alma Katsu,3.64,"3,899",759.0,309 pages,2022-04-26,Kindle $5.99,30,3029,1333,20,320,5.99,309.0
Humor,57093755,https://www.goodreads.com/book/show/57093755-the-office-bffs?from_choice=true,The Office BFFs: Tales of The Office from Two Best Friends Who Were There,"Jenna Fischer,Angela  Kinsey",4.23,"27,506",,321 pages,2022-05-17,Kindle $14.99,8,376,37551,1,38,14.99,321.0
Humor,58438562,https://www.goodreads.com/book/show/58438562-girls-can-kiss-now?from_choice=true,Girls Can Kiss Now: Essays,Jill Gutowitz,3.83,"7,476",,227 pages,2022-03-08,Kindle $12.99,2,114,22034,2,94,12.99,227.0
Humor,58541424,https://www.goodreads.com/book/show/58541424-hello-molly?from_choice=true,"Hello, Molly!: A Memoir","Molly Shannon,Sean Wilsey",4.13,"35,270",,291 pages,2022-04-12,Kindle $15.99,5,119,19443,3,104,15.99,291.0
Humor,40588534,https://www.goodreads.com/book/show/40588534-ten-steps-to-nanette?from_choice=true,Ten Steps to Nanette,Hannah Gadsby,4.48,"13,310",,400 pages,2022-03-29,Kindle $7.99,3,702,19214,4,106,7.99,400.0
Humor,58438584,https://www.goodreads.com/book/show/58438584-idiots?from_choice=true,"Idiots: Marriage, Motherhood, Milk & Mistakes",Laura Clery,4.02,"3,469",337.0,256 pages,2022-04-05,Kindle $12.99,3,762,17979,5,112,12.99,256.0
Humor,58989873,https://www.goodreads.com/book/show/58989873-happy-go-lucky?from_choice=true,Happy-Go-Lucky,David Sedaris,4.19,"38,530",,272 pages,2022-05-31,Kindle $11.99,69,256,17373,6,117,11.99,272.0
Humor,58082714,https://www.goodreads.com/book/show/58082714-the-nineties?from_choice=true,The Nineties,Chuck Klosterman,3.88,"24,014",,370 pages,2022-02-08,Kindle $4.99,127,4705,16716,7,123,4.99,370.0
Humor,57008102,https://www.goodreads.com/book/show/57008102-the-field-guide-to-dumb-birds-of-the-whole-stupid-world?from_choice=true,The Field Guide to Dumb Birds of the Whole Stupid World,Matt Kracht,3.94,"1,108",236.0,192 pages,2021-12-21,Kindle $8.99,5,88,16648,8,126,8.99,192.0
Humor,58537351,https://www.goodreads.com/book/show/58537351-all-about-me?from_choice=true,All about Me!: My Remarkable Life in Show Business,Mel Brooks,4.24,"12,569",,480 pages,2021-11-30,Kindle $14.99,56,186,16030,9,128,14.99,480.0
Humor,58587872,https://www.goodreads.com/book/show/58587872-i-ll-show-myself-out?from_choice=true,I'll Show Myself Out: Essays on Midlife and Motherhood,Jessi Klein,3.92,"12,962",,288 pages,2022-04-26,Kindle Unlimited $0.00,2,363,11929,10,148,0.0,288.0
Humor,58078596,https://www.goodreads.com/book/show/58078596-who-do-i-think-i-am?from_choice=true,Who Do I Think I Am?: Stories of Chola Wishes and Caviar Dreams,Anjelah Johnson-Reyes,4.02,"1,498",189.0,272 pages,2022-01-01,Kindle $12.99,2,31,3275,11,246,12.99,272.0
Humor,57007950,https://www.goodreads.com/book/show/57007950-i-d-like-to-play-alone-please?from_choice=true,"I'd Like to Play Alone, Please: Essays",Tom Segura,4.03,"12,656",,229 pages,2022-01-01,Kindle $11.99,1,122,3260,12,248,11.99,229.0
Humor,60168034,https://www.goodreads.com/book/show/60168034-excuse-me-while-i-disappear?from_choice=true,Excuse Me While I Disappear: Tales of Midlife Mayhem,Laurie Notaro,3.98,"11,287",,256 pages,2022-11-01,Kindle Unlimited $0.00,19,2122,3019,13,261,0.0,256.0
Humor,56347312,https://www.goodreads.com/book/show/56347312-start-without-me?from_choice=true,Start Without Me,Gary Janetti,3.91,"6,073",567.0,208 pages,2022-04-26,Kindle $11.99,5,184,2843,14,265,11.99,208.0
Humor,58739606,https://www.goodreads.com/book/show/58739606-i-m-more-dateable-than-a-plate-of-refried-beans?from_choice=true,I'm More Dateable than a Plate of Refried Beans: And Other Romantic Observations,Ginny Hogan,3.53,356,106.0,240 pages,2022-05-03,Kindle $4.69,6,48,2594,15,279,4.69,240.0
Humor,57678864,https://www.goodreads.com/book/show/57678864-midlife-bites?from_choice=true,"Midlife Bites: Anyone Else Falling Apart, Or Is It Just Me?",Jen Mann,3.97,"1,915",351.0,243 pages,2022-01-04,Kindle $8.99,28,995,2401,16,284,8.99,243.0
Humor,59639080,https://www.goodreads.com/book/show/59639080-the-world-s-worst-assistant?from_choice=true,The World's Worst Assistant,"Sona Movsesian,Conan O'Brien(Foreword)",3.8,"7,012",802.0,288 pages,2022-07-19,Kindle $7.99,2,54,2394,17,285,7.99,288.0
Humor,59366125,https://www.goodreads.com/book/show/59366125-the-world-deserves-my-children?from_choice=true,The World Deserves My Children,Natasha Leggero,3.72,"2,185",253.0,240 pages,2022-11-15,Kindle $13.99,2,30,1861,18,301,13.99,240.0
Humor,58784283,https://www.goodreads.com/book/show/58784283-sicker-in-the-head?from_choice=true,Sicker in the Head: More Conversations About Life and Comedy,Judd Apatow,3.79,962,79.0,454 pages,2022-03-29,Kindle $5.99,20,251,1420,19,319,5.99,454.0
Humor,58065028,https://www.goodreads.com/book/show/58065028-in-on-the-joke?from_choice=true,In On the Joke: The Original Queens of Standup Comedy,Shawn Levy,3.87,299,46.0,400 pages,2022-04-05,Kindle $10.99,14,161,1260,20,323,10.99,400.0
Nonfiction,58330567,https://www.goodreads.com/book/show/58330567-atlas-of-the-heart?from_choice=true,Atlas of the Heart: Mapping Meaningful Connection and the Language of Human Experience,"Brené Brown,Gavin Aung Than(Illustrator)",4.33,"70,702",,301 pages,2021-11-30,Kindle $7.99,79,505,34200,1,47,7.99,301.0
Nonfiction,57693618,https://www.goodreads.com/book/show/57693618-unmasked?from_choice=true,Unmasked: My Life Solving America's Cold Cases,"Paul Holes,Robin Gaby Fisher",4.11,"23,031",,288 pages,2022-04-26,Kindle $11.99,4,694,28094,2,62,11.99,288.0
Nonfiction,58536046,https://www.goodreads.com/book/show/58536046-why-has-nobody-told-me-this-before?from_choice=true,Why Has Nobody Told Me This Before?,Julie      Smith,3.9,"24,616",,368 pages,2022-01-06,Kindle $16.49,5,404,23322,3,85,16.49,368.0
Nonfiction,60190659,https://www.goodreads.com/book/show/60190659-what-if-2?from_choice=true,What If? 2: Additional Serious Scientific Answers to Absurd Hypothetical Questions,Randall Munroe,4.37,"11,542",,354 pages,2022-09-13,,34,5154,19805,4,102,,354.0
Nonfiction,56922687,https://www.goodreads.com/book/show/56922687-these-precious-days?from_choice=true,These Precious Days: Essays,Ann Patchett,4.44,"34,453",,320 pages,2021-11-23,Kindle $15.99,63,205,19123,5,107,15.99,320.0
Nonfiction,58724737,https://www.goodreads.com/book/show/58724737-all-the-living-and-the-dead?from_choice=true,All the Living and the Dead,Hayley Campbell,4.25,"8,071",,288 pages,2022-04-12,Kindle $11.99,3,242,18031,6,111,11.99,288.0
Nonfiction,58537332,https://www.goodreads.com/book/show/58537332-the-myth-of-normal?from_choice=true,"The Myth of Normal: Trauma, Illness, and Healing in a Toxic Culture","Gabor Maté,Daniel Maté",4.33,"16,207",,576 pages,2022-09-13,Kindle $5.99,43,5359,14258,7,135,5.99,576.0
Nonfiction,58484901,https://www.goodreads.com/book/show/58484901-how-to-be-perfect?from_choice=true,How to Be Perfect: The Correct Answer to Every Moral Question,Michael Schur,4.15,"26,961",,304 pages,2022-01-25,Kindle $13.99,10,332,14071,8,138,13.99,304.0
Nonfiction,59575939,https://www.goodreads.com/book/show/59575939-an-immense-world?from_choice=true,An Immense World: How Animal Senses Reveal the Hidden Realms Around Us,Ed Yong,4.47,"19,451",,464 pages,2022-06-21,Kindle $14.99,8,1462,13983,9,139,14.99,464.0
Nonfiction,58734811,https://www.goodreads.com/book/show/58734811-bittersweet?from_choice=true,Bittersweet: How Sorrow and Longing Make Us Whole,Susan Cain,3.99,"19,560",,310 pages,2022-04-05,Kindle $13.99,28,243,12465,10,145,13.99,310.0
Nonfiction,58848151,https://www.goodreads.com/book/show/58848151-the-trayvon-generation?from_choice=true,The Trayvon Generation,Elizabeth Alexander,4.36,"1,836",282.0,146 pages,2022-04-05,Kindle $11.99,103,432,4548,11,212,11.99,146.0
Nonfiction,59808487,https://www.goodreads.com/book/show/59808487-starry-messenger?from_choice=true,Starry Messenger: Cosmic Perspectives on Civilization,Neil deGrasse Tyson,4.12,"10,040",,271 pages,2022-09-20,Kindle $11.99,71,284,4208,12,223,11.99,271.0
Nonfiction,59148726,https://www.goodreads.com/book/show/59148726-rogues?from_choice=true,"Rogues: True Stories of Grifters, Killers, Rebels and Crooks",Patrick Radden Keefe,4.01,"14,071",,368 pages,2022-06-28,Kindle $12.99,11,3962,3646,13,235,12.99,368.0
Nonfiction,60321392,https://www.goodreads.com/book/show/60321392-the-song-of-the-cell?from_choice=true,The Song of the Cell: An Exploration of Medicine and the New Human,Siddhartha Mukherjee,4.28,"8,887",,473 pages,2022-10-25,Kindle $15.99,42,5149,3532,14,237,15.99,473.0
Nonfiction,58446721,https://www.goodreads.com/book/show/58446721-the-power-of-regret?from_choice=true,The Power of Regret: How Looking Backward Moves Us Forward,Daniel H. Pink,3.85,"11,243",,239 pages,2022-02-01,Kindle $14.99,129,286,3513,15,239,14.99,239.0
Nonfiction,60149558,https://www.goodreads.com/book/show/60149558-visual-thinking?from_choice=true,"Visual Thinking: The Hidden Gifts of People Who Think in Pictures, Patterns, and Abstractions",Temple Grandin,3.63,"2,114",336.0,352 pages,2022-10-01,Kindle $14.99,199,1520,3469,16,240,14.99,352.0
Nonfiction,57933306,https://www.goodreads.com/book/show/57933306-stolen-focus?from_choice=true,Stolen Focus: Why You Can't Pay Attention- and How to Think Deeply Again,Johann Hari,4.25,"44,985",,357 pages,2022-01-06,Kindle $14.99,15,2349,3257,17,249,14.99,357.0
Nonfiction,55276620,https://www.goodreads.com/book/show/55276620-south-to-america?from_choice=true,South to America: A Journey Below the Mason Dixon to Understand the Soul of a Nation,Imani Perry,3.97,"6,084",963.0,410 pages,2022-01-25,Kindle $15.99,28,701,3116,18,257,15.99,410.0
Nonfiction,56269163,https://www.goodreads.com/book/show/56269163-a-taste-for-poison?from_choice=true,A Taste for Poison: Eleven Deadly Molecules and the Killers Who Used Them,Neil Bradbury,4.12,"6,475",,304 pages,2022-02-01,Kindle $11.99,1,117,3034,19,259,11.99,304.0
Nonfiction,59616977,https://www.goodreads.com/book/show/59616977-building-a-second-brain?from_choice=true,Building a Second Brain: A Proven Method to Organize Your Digital Life and Unlock Your Creative Potential,Tiago Forte,4.08,"13,984",,272 pages,2022-06-14,Kindle $14.99,9,1288,1751,20,309,14.99,272.0
Memoir & Autobiography,59366244,https://www.goodreads.com/book/show/59366244-i-m-glad-my-mom-died?from_choice=true,I’m Glad My Mom Died,Jennette McCurdy,4.47,"843,107",,304 pages,2022-08-09,Kindle $14.99,4,6911,202606,1,1,14.99,304.0
Memoir & Autobiography,59808451,https://www.goodreads.com/book/show/59808451-madly-deeply?from_choice=true,"Madly, Deeply: The Diaries of Alan Rickman","Alan Rickman,Alan Taylor(Narrator),Rima Horton(Afterword)...more",3.6,"11,115",,469 pages,2022-10-04,Kindle $12.99,20,279,40603,2,32,12.99,469.0
Memoir & Autobiography,58687126,https://www.goodreads.com/book/show/58687126-finding-me?from_choice=true,Finding Me,Viola Davis,4.57,"100,204",,304 pages,2022-04-26,Kindle $10.99,9,769,32842,3,49,10.99,304.0
Memoir & Autobiography,59641216,https://www.goodreads.com/book/show/59641216-friends-lovers-and-the-big-terrible-thing?from_choice=true,"Friends, Lovers, and the Big Terrible Thing","Matthew  Perry,Lisa Kudrow(Foreword)",3.87,"201,239",,250 pages,2022-11-01,Kindle $14.99,4,613,30901,4,53,14.99,250.0
Memoir & Autobiography,55507037,https://www.goodreads.com/book/show/55507037-we-were-dreamers?from_choice=true,We Were Dreamers: An Immigrant Superhero Origin Story,Simu Liu,4.36,"23,661",,289 pages,2022-05-17,Kindle $15.99,4,304,16691,5,124,15.99,289.0
Memoir & Autobiography,58214328,https://www.goodreads.com/book/show/58214328-what-my-bones-know?from_choice=true,What My Bones Know: A Memoir of Healing from Complex Trauma,Stephanie Foo,4.51,"37,158",,352 pages,2022-02-22,Kindle $14.99,1,948,10026,6,158,14.99,352.0
Memoir & Autobiography,59452407,https://www.goodreads.com/book/show/59452407-mean-baby?from_choice=true,Mean Baby: A Memoir of Growing Up,Selma Blair,3.94,"19,664",,320 pages,2022-05-17,Kindle $12.99,4,103,7882,7,173,12.99,320.0
Memoir & Autobiography,59900688,https://www.goodreads.com/book/show/59900688-solito?from_choice=true,Solito,Javier Zamora,4.5,"34,530",,384 pages,2022-09-06,Kindle $14.99,10,847,7706,8,176,14.99,384.0
Memoir & Autobiography,56269214,https://www.goodreads.com/book/show/56269214-funny-farm?from_choice=true,Funny Farm: My Unexpected Life with 600 Rescue Animals,Laurie Zaleski,4.28,"7,057",,256 pages,2022-02-22,Kindle $11.99,2,145,7697,9,177,11.99,256.0
Memoir & Autobiography,59900658,https://www.goodreads.com/book/show/59900658-year-of-the-tiger?from_choice=true,Year of the Tiger: An Activist's Life,Alice  Wong,4.27,"2,487",403.0,376 pages,2022-09-06,Kindle $13.99,9,470,5693,10,191,13.99,376.0
Memoir & Autobiography,58065372,https://www.goodreads.com/book/show/58065372-in-love?from_choice=true,In Love: A Memoir of Love and Loss,Amy Bloom,4.27,"20,230",,240 pages,2022-03-08,Kindle $13.99,58,1129,1991,11,294,13.99,240.0
Memoir & Autobiography,58438569,https://www.goodreads.com/book/show/58438569-bomb-shelter?from_choice=true,"Bomb Shelter: Love, Time, and Other Explosives",Mary Laura Philpott,4.01,"8,646",,288 pages,2022-04-12,Kindle $13.99,3,711,1887,12,300,13.99,288.0
Memoir & Autobiography,59537947,https://www.goodreads.com/book/show/59537947-token-black-girl?from_choice=true,Token Black Girl: A Memoir,Danielle Prescod,3.94,"5,683",621.0,256 pages,2022-10-01,Kindle Unlimited $0.00,1,64,1757,13,308,0.0,256.0
Memoir & Autobiography,58684300,https://www.goodreads.com/book/show/58684300-left-on-tenth?from_choice=true,Left on Tenth: A Second Chance at Life,Delia Ephron,4.1,"8,893",,304 pages,2022-04-12,Kindle $12.99,21,537,1175,14,325,12.99,304.0
Memoir & Autobiography,57800384,https://www.goodreads.com/book/show/57800384-lost-found?from_choice=true,Lost & Found: A Memoir,Kathryn Schulz,4.1,"7,040",,256 pages,2022-01-11,Kindle $8.99,6,458,1101,15,326,8.99,256.0
Memoir & Autobiography,58988396,https://www.goodreads.com/book/show/58988396-crying-in-the-bathroom?from_choice=true,Crying in the Bathroom,Erika L. Sánchez,3.99,"5,318",709.0,256 pages,2022-06-21,Kindle $13.99,6,1176,1089,16,328,13.99,256.0
Memoir & Autobiography,59808316,https://www.goodreads.com/book/show/59808316-uncultured?from_choice=true,Uncultured: A Memoir,Daniella Mestyanek Young,4.06,"6,561",870.0,339 pages,2022-09-20,Kindle $12.99,1,287,845,17,335,12.99,339.0
Memoir & Autobiography,59411559,https://www.goodreads.com/book/show/59411559-the-man-who-could-move-clouds?from_choice=true,The Man Who Could Move Clouds,Ingrid Rojas Contreras,4.06,"3,107",402.0,320 pages,2022-07-12,Kindle $12.99,6,979,743,18,336,12.99,320.0
Memoir & Autobiography,59900070,https://www.goodreads.com/book/show/59900070-stay-true?from_choice=true,Stay True,Hua Hsu,4.04,"22,996",,208 pages,2022-09-27,Kindle $12.99,10,403,657,19,338,12.99,208.0
Memoir & Autobiography,58438546,https://www.goodreads.com/book/show/58438546-easy-beauty?from_choice=true,Easy Beauty,Chloé Cooper Jones,4.12,"4,241",687.0,272 pages,2022-04-05,Kindle $13.99,1,248,626,20,339,13.99,272.0
History & Biography,59012057,https://www.goodreads.com/book/show/59012057-bad-gays?from_choice=true,Bad Gays: A Homosexual History,"Huw Lemmey,Ben Miller",3.56,"3,490",635.0,368 pages,2022-05-31,Kindle $9.99,11,92,22711,1,88,9.99,368.0
History & Biography,58890953,https://www.goodreads.com/book/show/58890953-his-name-is-george-floyd?from_choice=true,His Name Is George Floyd: One Man's Life and the Struggle for Racial Justice,"Robert Samuels,Toluse Olorunnipa",4.52,"2,127",397.0,432 pages,2022-05-17,Kindle $5.99,45,26,22265,2,91,5.99,432.0
History & Biography,53138220,https://www.goodreads.com/book/show/53138220-the-dark-queens?from_choice=true,The Dark Queens: The Bloody Rivalry That Forged the Medieval World,Shelley Puhak,4.09,"3,383",607.0,384 pages,2022-02-22,Kindle $9.99,8,119,21891,3,96,9.99,384.0
History & Biography,60194141,https://www.goodreads.com/book/show/60194141-the-escape-artist?from_choice=true,The Escape Artist: The Man Who Broke Out of Auschwitz to Warn the World,Jonathan Freedland,4.39,"16,085",,416 pages,2022-10-18,Kindle Unlimited $0.00,26,174,17126,4,119,0.0,416.0
History & Biography,60647674,https://www.goodreads.com/book/show/60647674-and-there-was-light?from_choice=true,And There Was Light: Abraham Lincoln and the American Struggle,Jon Meacham,4.47,"6,530",925.0,676 pages,2022-10-18,Kindle $14.99,64,2682,15066,5,132,14.99,676.0
History & Biography,55510928,https://www.goodreads.com/book/show/55510928-wise-gals?from_choice=true,Wise Gals: The Spies Who Built the CIA and Changed the Future of Espionage,Nathalia Holt,3.95,"1,890",302.0,400 pages,2022-09-06,Kindle $16.99,7,374,14950,6,133,16.99,400.0
History & Biography,59366098,https://www.goodreads.com/book/show/59366098-anna?from_choice=true,Anna: The Biography,Amy Odell,3.79,"4,647",449.0,464 pages,2022-05-03,Kindle $14.99,2,143,12768,7,143,14.99,464.0
History & Biography,58724805,https://www.goodreads.com/book/show/58724805-slaying-the-dragon?from_choice=true,Slaying the Dragon: A Secret History of Dungeons & Dragons,Ben Riggs,3.98,"1,674",350.0,293 pages,2022-07-19,Kindle $11.99,6,68,12622,8,144,11.99,293.0
History & Biography,58141198,https://www.goodreads.com/book/show/58141198-agent-josephine?from_choice=true,"Agent Josephine: American Beauty, French Hero, British Spy",Damien Lewis,3.8,"1,689",282.0,496 pages,2022-07-12,Kindle $14.99,83,298,9231,9,162,14.99,496.0
History & Biography,58777696,https://www.goodreads.com/book/show/58777696-river-of-the-gods?from_choice=true,"River of the Gods: Genius, Courage and Betrayal in the Search for the Source of the Nile",Candice Millard,3.84,"12,715",,349 pages,2022-05-17,Kindle $12.99,4,2434,9031,10,163,12.99,349.0
History & Biography,56212888,https://www.goodreads.com/book/show/56212888-shine-bright?from_choice=true,Shine Bright: A Very Personal History of Black Women in Pop,Danyel Smith,4.05,906,159.0,320 pages,2022-04-19,Kindle $11.99,8,154,2762,11,268,11.99,320.0
History & Biography,59577287,https://www.goodreads.com/book/show/59577287-the-scandalous-hamiltons?from_choice=true,"The Scandalous Hamiltons: A Gilded Age Grifter, a Founding Father's Disgraced Descendant, and a Trial at the Dawn of Tabloid Journalism",Bill Shaffer,3.66,"1,211",202.0,320 pages,2022-07-26,Kindle $12.99,4,26,2293,12,287,12.99,320.0
History & Biography,59883560,https://www.goodreads.com/book/show/59883560-prisoners-of-the-castle?from_choice=true,"Prisoners of the Castle: An Epic Story of Survival and Escape from Colditz, the Nazis' Fortress Prison",Ben Macintyre,4.27,"6,611",645.0,368 pages,2022-09-13,Kindle $4.99,36,3106,1934,13,297,4.99,368.0
History & Biography,58999198,https://www.goodreads.com/book/show/58999198-bad-mexicans?from_choice=true,"Bad Mexicans: Race, Empire, and Revolution in the Borderlands",Kelly Lytle Hernández,4.19,"1,341",216.0,384 pages,2022-05-10,Kindle $9.18,6,81,1795,14,303,9.18,384.0
History & Biography,55959483,https://www.goodreads.com/book/show/55959483-rise?from_choice=true,Rise: A Pop History of Asian America from the Nineties to Now,"Jeff Yang,Phil Yu,Philip Wang",4.41,730,123.0,496 pages,2022-03-01,Kindle $19.99,12,23,1773,15,307,19.99,496.0
History & Biography,60468246,https://www.goodreads.com/book/show/60468246-the-revolutionary?from_choice=true,The Revolutionary: Samuel Adams,Stacy Schiff,3.75,"5,629",871.0,432 pages,2022-10-25,Kindle $11.99,10,1807,1584,16,314,11.99,432.0
History & Biography,58678848,https://www.goodreads.com/book/show/58678848-gangsters-vs-nazis?from_choice=true,Gangsters vs. Nazis: How Jewish Mobsters Battled Nazis in Wartime America,Michael Benson,3.98,"1,816",282.0,287 pages,2022-04-26,Kindle Unlimited $0.00,123,62,1519,17,317,0.0,287.0
History & Biography,59571998,https://www.goodreads.com/book/show/59571998-dangerous-rhythms?from_choice=true,Dangerous Rhythms: Jazz and the Underworld,T.J. English,4.13,536,100.0,448 pages,2022-08-02,Kindle $16.99,12,387,1077,18,329,16.99,448.0
History & Biography,60141696,https://www.goodreads.com/book/show/60141696-american-midnight?from_choice=true,"American Midnight: The Great War, a Violent Peace, and Democracy's Forgotten Crisis",Adam Hochschild,4.22,"3,403",515.0,422 pages,2022-10-04,Kindle $9.99,34,1032,1020,19,330,9.99,422.0
History & Biography,60165389,https://www.goodreads.com/book/show/60165389-by-hands-now-known?from_choice=true,By Hands Now Known: Jim Crow's Legal Executioners,Margaret A. Burnham,4.32,516,85.0,352 pages,2022-09-27,Kindle $9.99,1,20,962,20,332,9.99,352.0
Graphic Novels & Comics,56060300,https://www.goodreads.com/book/show/56060300-heartstopper?from_choice=true,Heartstopper: Volume Four,Alice Oseman,4.62,"362,540",,384 pages,2021-05-06,,50,825,138174,1,3,,384.0
Graphic Novels & Comics,57717417,https://www.goodreads.com/book/show/57717417-lore-olympus?from_choice=true,Lore Olympus: Volume Two,Rachel  Smythe,4.46,"53,012",,368 pages,2022-07-05,,18,7220,51059,2,22,,368.0
Graphic Novels & Comics,59785164,https://www.goodreads.com/book/show/59785164-demon-in-the-wood?from_choice=true,Demon in the Wood,"Leigh Bardugo,Dani Pendergast(Illustrator)",4.15,"34,938",,203 pages,2022-09-27,,80,161,26096,3,77,,203.0
Graphic Novels & Comics,50898151,https://www.goodreads.com/book/show/50898151-oddball?from_choice=true,Oddball,Sarah Andersen,4.23,"7,054",,105 pages,2021-12-07,,20,8212,16882,4,121,,105.0
Graphic Novels & Comics,29237224,https://www.goodreads.com/book/show/29237224-saga-volume-10?from_choice=true,"Saga, Volume 10","Brian K. Vaughan,Fiona Staples(Illustator)",4.31,"11,892",,160 pages,2022-10-05,,"1,072",134,14160,5,137,,160.0
Graphic Novels & Comics,58739572,https://www.goodreads.com/book/show/58739572-wash-day-diaries?from_choice=true,Wash Day Diaries,"Jamila Rowser,Robyn Smith(Artist),Bex Glendining(Colorist)...more",4.36,"8,210",,192 pages,2022-07-05,Kindle $9.99,6,78,13911,6,140,9.99,192.0
Graphic Novels & Comics,60320130,https://www.goodreads.com/book/show/60320130-everything-is-ok?from_choice=true,Everything Is OK,Debbie Tung,4.32,"4,933",987.0,189 pages,2022-09-27,,10,1805,11968,7,147,,189.0
Graphic Novels & Comics,57005205,https://www.goodreads.com/book/show/57005205-huda-f-are-you?from_choice=true,Huda F Are You?,Huda Fahmy,4.18,"7,434",,192 pages,2021-11-23,Kindle $10.99,4,828,10726,8,154,10.99,192.0
Graphic Novels & Comics,59069071,https://www.goodreads.com/book/show/59069071-ducks?from_choice=true,Ducks: Two Years in the Oil Sands,Kate Beaton,4.43,"23,788",,430 pages,2022-09-13,,24,1501,8466,9,168,,430.0
Graphic Novels & Comics,55700840,https://www.goodreads.com/book/show/55700840-fangirl-vol-2?from_choice=true,"Fangirl, Vol. 2: The Manga","Sam Maggs(Adapter),Gabi Nam(Illustrator),Rainbow Rowell(Creator)",4.42,"6,643",,219 pages,2022-06-14,,116,966,8399,10,170,,219.0
Graphic Novels & Comics,58839343,https://www.goodreads.com/book/show/58839343-crumbs?from_choice=true,Crumbs,Danie Stirling,3.95,"7,603",,384 pages,2022-07-19,,3,130,2833,11,266,,384.0
Graphic Novels & Comics,60043514,https://www.goodreads.com/book/show/60043514-killing-stalking?from_choice=true,Killing Stalking: Deluxe Edition Vol. 1,Koogi,3.88,"3,958",645.0,448 pages,2022-01-01,,41,1304,2805,12,267,,448.0
Graphic Novels & Comics,60018573,https://www.goodreads.com/book/show/60018573-a-career-in-books?from_choice=true,"A Career in Books: A Novel about Friends, Money, and the Occasional Duck Bun",Kate Gavino,3.93,884,184.0,288 pages,2022-08-02,Kindle $9.99,3,38,2032,13,292,9.99,288.0
Graphic Novels & Comics,58673883,https://www.goodreads.com/book/show/58673883-the-many-deaths-of-laila-starr?from_choice=true,The Many Deaths of Laila Starr,"Ram V.,Filipe Andrade(Artist),Inês Amaro(Color Artist)...more",4.29,"6,609",,128 pages,2022-02-01,,236,222,1980,14,295,,128.0
Graphic Novels & Comics,58437862,https://www.goodreads.com/book/show/58437862-chef-s-kiss?from_choice=true,Chef's Kiss,"Jarrett Melendez,Danica Brine(Illustrations),Hank Jones...more",3.97,"6,909",,160 pages,2022-04-12,,6,39,1977,15,296,,160.0
Graphic Novels & Comics,57992923,https://www.goodreads.com/book/show/57992923-squire?from_choice=true,Squire,"Nadia Shammas,Sara Alfageeh",4.07,"7,294",,305 pages,2022-03-08,Kindle $14.99,58,42,1795,16,303,14.99,305.0
Graphic Novels & Comics,58719265,https://www.goodreads.com/book/show/58719265-welcome-to-st-hell?from_choice=true,Welcome to St. Hell: My Trans Teen Misadventure,Lewis Hancox,4.26,"3,665",574.0,304 pages,2022-06-02,Kindle $9.99,4,32,1741,17,310,9.99,304.0
Graphic Novels & Comics,60099713,https://www.goodreads.com/book/show/60099713-it-won-t-always-be-like-this?from_choice=true,It Won't Always Be Like This,Malaka Gharib,4.01,"1,648",312.0,224 pages,2022-09-20,Kindle $7.99,2,88,1318,18,321,7.99,224.0
Graphic Novels & Comics,55867756,https://www.goodreads.com/book/show/55867756-messy-roots?from_choice=true,Messy Roots: A Graphic Memoir of a Wuhanese American,Laura Gao,4.25,"4,382",678.0,272 pages,2022-03-08,Kindle $14.99,2,82,966,19,331,14.99,272.0
Graphic Novels & Comics,60665429,https://www.goodreads.com/book/show/60665429-thieves?from_choice=true,Thieves,Lucie Bryon,4.22,"3,253",604.0,208 pages,2022-10-04,Kindle $11.99,20,80,879,20,333,11.99,208.0
Poetry,56805404,https://www.goodreads.com/book/show/56805404-call-us-what-we-carry?from_choice=true,Call Us What We Carry: Poems,Amanda Gorman,4.29,"21,656",,228 pages,2021-12-07,Kindle $14.99,20,2588,44813,1,27,14.99,228.0
Poetry,58582927,https://www.goodreads.com/book/show/58582927-time-is-a-mother?from_choice=true,Time Is a Mother,Ocean Vuong,3.96,"25,013",,114 pages,2022-04-05,Kindle $5.99,21,118,27726,2,64,5.99,114.0
Poetry,58439971,https://www.goodreads.com/book/show/58439971-unlock-your-storybook-heart?from_choice=true,Unlock Your Storybook Heart,"Amanda Lovelace,ladybookmad",3.86,"4,171",731.0,160 pages,2022-03-15,Kindle $8.49,50,6974,13617,3,141,8.49,160.0
Poetry,58439983,https://www.goodreads.com/book/show/58439983-serenity?from_choice=true,Serenity: Poems,F.S. Yousaf,3.76,883,177.0,144 pages,2022-03-01,Kindle $7.99,5,378,13223,4,142,7.99,144.0
Poetry,59921489,https://www.goodreads.com/book/show/59921489-on-sun-swallowing?from_choice=true,On Sun Swallowing,Dakota Warren,4.16,"2,037",461.0,Paperback,2022-01-01,,2,6578,11747,5,149,,
Poetry,60409981,https://www.goodreads.com/book/show/60409981-and-yet?from_choice=true,And Yet: Poems,Kate Baer,3.99,"5,374",804.0,112 pages,2022-11-10,Kindle $14.99,4,1269,11588,6,150,14.99,112.0
Poetry,60147181,https://www.goodreads.com/book/show/60147181-the-world-keeps-ending-and-the-world-goes-on?from_choice=true,"The World Keeps Ending, and the World Goes On",Franny Choi,4.0,"3,054",596.0,144 pages,2022-11-01,Kindle $14.99,15,506,10086,7,157,14.99,144.0
Poetry,55835966,https://www.goodreads.com/book/show/55835966-bless-the-daughter-raised-by-a-voice-in-her-head?from_choice=true,Bless the Daughter Raised by a Voice in Her Head: Poems,Warsan Shire,4.22,"6,703",,96 pages,2022-03-01,Kindle $13.99,15,6655,8870,8,164,13.99,96.0
Poetry,59679549,https://www.goodreads.com/book/show/59679549-woman-without-shame?from_choice=true,Woman Without Shame: Poems,Sandra Cisneros,4.12,"1,618",269.0,176 pages,2022-09-13,Kindle $11.99,88,3423,8560,9,167,11.99,176.0
Poetry,59900080,https://www.goodreads.com/book/show/59900080-musical-tables?from_choice=true,Musical Tables: Poems,Billy Collins,3.8,"1,566",372.0,176 pages,2022-11-15,Kindle $5.99,131,1440,8441,10,169,5.99,176.0
Poetry,59382078,https://www.goodreads.com/book/show/59382078-poukahangatus?from_choice=true,Poukahangatus: Poems,Tayi Tibble,4.13,"1,243",198.0,96 pages,2022-07-26,Kindle $11.99,5,57,2651,11,275,11.99,96.0
Poetry,59571658,https://www.goodreads.com/book/show/59571658-the-hurting-kind?from_choice=true,The Hurting Kind: Poems,Ada Limon,4.36,"4,877",798.0,120 pages,2022-05-10,Kindle $8.49,25,1607,2596,12,278,8.49,120.0
Poetry,60320135,https://www.goodreads.com/book/show/60320135-the-shift?from_choice=true,The Shift: Poetry for a New Perspective,Melody Godfred,3.83,357,81.0,160 pages,2022-01-01,Kindle $8.49,13,79,2521,13,282,8.49,160.0
Poetry,60165457,https://www.goodreads.com/book/show/60165457-weaving-sundown-in-a-scarlet-light?from_choice=true,Weaving Sundown in a Scarlet Light: Fifty Poems for Fifty Years,"Joy Harjo,Sandra Cisneros(Foreword)",4.36,676,142.0,160 pages,2022-11-01,Kindle $9.00,96,1704,1909,14,298,9.0,160.0
Poetry,60753258,https://www.goodreads.com/book/show/60753258-alive-at-the-end-of-the-world?from_choice=true,Alive at the End of the World,"Saeed Jones,D.A. Powell(Foreword)",4.37,"2,137",343.0,104 pages,2022-09-13,Kindle $9.99,5,1319,1907,15,299,9.99,104.0
Poetry,59788399,https://www.goodreads.com/book/show/59788399-girls-that-never-die?from_choice=true,Girls That Never Die: Poems,Safia Elhillo,4.3,985,156.0,144 pages,2022-07-12,Kindle $7.99,19,469,1831,16,302,7.99,144.0
Poetry,59576068,https://www.goodreads.com/book/show/59576068-walking-gentry-home?from_choice=true,Walking Gentry Home: A Memoir of My Foremothers in Verse,Alora Young,4.37,363,99.0,240 pages,2022-08-02,Kindle $6.99,1,78,1737,17,311,6.99,240.0
Poetry,60059700,https://www.goodreads.com/book/show/60059700-normal-distance?from_choice=true,Normal Distance,Elisa Gabbert,3.71,516,126.0,112 pages,2022-09-13,Kindle $11.99,26,260,1561,18,316,11.99,112.0
Poetry,58393241,https://www.goodreads.com/book/show/58393241-all-the-flowers-kneeling?from_choice=true,All the Flowers Kneeling,Paul Tran,3.85,"1,036",208.0,112 pages,2022-02-15,Kindle $10.99,65,28,1090,19,327,10.99,112.0
Poetry,58984757,https://www.goodreads.com/book/show/58984757-golden-ax?from_choice=true,Golden Ax,Rio Cortez,4.04,507,73.0,80 pages,2022-08-30,Kindle $10.99,7,55,707,20,337,10.99,80.0
Debut Novel,58065033,https://www.goodreads.com/book/show/58065033-lessons-in-chemistry?from_choice=true,Lessons in Chemistry,Bonnie Garmus,4.31,"1,065,092",,390 pages,2022-03-31,Kindle $14.99,8,9706,64107,1,12,14.99,390.0
Debut Novel,57789637,https://www.goodreads.com/book/show/57789637-daughter-of-the-moon-goddess?from_choice=true,Daughter of the Moon Goddess,"Sue Lynn Tan,Kuri Huang(Illustrator)",4.12,"75,710",,503 pages,2022-01-11,,8,5516,58601,2,17,,503.0
Debut Novel,58014893,https://www.goodreads.com/book/show/58014893-every-summer-after?from_choice=true,Every Summer After,Carley Fortune,4.23,"478,981",,320 pages,2022-05-10,Kindle $10.99,3,112,57167,3,19,10.99,320.0
Debut Novel,55196813,https://www.goodreads.com/book/show/55196813-the-maid?from_choice=true,The Maid,Nita Prose,3.78,"493,283",,304 pages,2022-01-04,,8,4766,42474,4,28,,304.0
Debut Novel,58733693,https://www.goodreads.com/book/show/58733693-remarkably-bright-creatures?from_choice=true,Remarkably Bright Creatures,Shelby Van Pelt,4.41,"435,443",,360 pages,2022-05-03,Kindle $16.99,1,5006,27231,5,68,16.99,360.0
Debut Novel,57693172,https://www.goodreads.com/book/show/57693172-a-flicker-in-the-dark?from_choice=true,A Flicker in the Dark,Stacy Willingham,4.0,"349,970",,357 pages,2022-01-11,Kindle $9.99,8,9489,26728,6,72,9.99,357.0
Debut Novel,57926137,https://www.goodreads.com/book/show/57926137-black-cake?from_choice=true,Black Cake,Charmaine Wilkerson,4.11,"160,037",,385 pages,2022-02-01,Kindle $13.99,4,1770,19969,7,101,13.99,385.0
Debut Novel,60142750,https://www.goodreads.com/book/show/60142750-all-good-people-here?from_choice=true,All Good People Here,Ashley Flowers,3.85,"192,468",,312 pages,2022-08-16,Kindle $12.99,6,2999,19347,8,105,12.99,312.0
Debut Novel,57127277,https://www.goodreads.com/book/show/57127277-kaikeyi?from_choice=true,Kaikeyi,Vaishnavi Patel,4.2,"25,967",,478 pages,2022-04-26,Kindle $9.99,5,1167,16741,9,122,9.99,478.0
Debut Novel,57693262,https://www.goodreads.com/book/show/57693262-cleopatra-and-frankenstein?from_choice=true,Cleopatra and Frankenstein,Coco Mellors,3.77,"88,182",,384 pages,2022-02-15,Kindle $8.20,2,1482,16093,10,127,8.2,384.0
Debut Novel,57840571,https://www.goodreads.com/book/show/57840571-the-hacienda?from_choice=true,The Hacienda,Isabel Cañas,3.84,"38,625",,352 pages,2022-05-03,Kindle $11.99,7,2462,5499,11,193,11.99,352.0
Debut Novel,57850265,https://www.goodreads.com/book/show/57850265-how-high-we-go-in-the-dark?from_choice=true,How High We Go in the Dark,Sequoia Nagamatsu,3.84,"50,374",,304 pages,2022-01-18,Kindle Unlimited $0.00,12,1425,5219,12,200,0.0,304.0
Debut Novel,57693171,https://www.goodreads.com/book/show/57693171-olga-dies-dreaming?from_choice=true,Olga Dies Dreaming,Xóchitl González,3.99,"58,332",,369 pages,2022-01-04,Kindle Unlimited $0.00,2,1461,4627,13,209,0.0,369.0
Debut Novel,60018639,https://www.goodreads.com/book/show/60018639-thistlefoot?from_choice=true,Thistlefoot,GennaRose Nethercott,3.97,"16,747",,448 pages,2022-09-13,Kindle $11.99,7,684,4568,14,211,11.99,448.0
Debut Novel,58537371,https://www.goodreads.com/book/show/58537371-nightcrawling?from_choice=true,Nightcrawling,Leila Mottley,4.0,"44,153",,277 pages,2022-06-07,Kindle $12.99,6,881,4331,15,219,12.99,277.0
Debut Novel,58724816,https://www.goodreads.com/book/show/58724816-our-wives-under-the-sea?from_choice=true,Our Wives Under the Sea,Julia Armfield,3.8,"56,594",,228 pages,2022-03-03,Kindle $11.99,8,1152,3917,16,226,11.99,228.0
Debut Novel,58884736,https://www.goodreads.com/book/show/58884736-the-measure?from_choice=true,The Measure,Nikki Erlick,4.01,"168,551",,353 pages,2022-06-28,Kindle $14.99,2,1347,3661,17,233,14.99,353.0
Debut Novel,52268640,https://www.goodreads.com/book/show/52268640-memphis?from_choice=true,Memphis,Tara M. Stringfellow,4.11,"30,902",,272 pages,2022-04-05,Kindle $14.99,2,790,3328,18,244,14.99,272.0
Debut Novel,58386733,https://www.goodreads.com/book/show/58386733-the-violin-conspiracy?from_choice=true,The Violin Conspiracy,Brendan Slocumb,4.13,"48,450",,345 pages,2022-02-01,Kindle $11.99,2,1213,3302,19,245,11.99,345.0
Debut Novel,58756502,https://www.goodreads.com/book/show/58756502-jackal?from_choice=true,Jackal,Erin E. Adams,3.65,"11,190",,336 pages,2022-10-04,Kindle $5.99,3,663,1789,20,305,5.99,336.0
Young Adult Fiction,59233594,https://www.goodreads.com/book/show/59233594-the-final-gambit?from_choice=true,The Final Gambit,Jennifer Lynn Barnes,4.14,"256,623",,374 pages,2022-08-30,,42,279,72606,1,9,,374.0
Young Adult Fiction,55977956,https://www.goodreads.com/book/show/55977956-loveless?from_choice=true,Loveless,Alice Oseman,4.22,"95,956",,432 pages,2020-07-09,Kindle $11.99,50,825,41878,2,30,11.99,432.0
Young Adult Fiction,58756420,https://www.goodreads.com/book/show/58756420-i-kissed-shara-wheeler?from_choice=true,I Kissed Shara Wheeler,Casey McQuiston,3.91,"79,388",,356 pages,2022-05-03,Kindle Unlimited $0.00,8,366,30724,3,55,0.0,356.0
Young Adult Fiction,59723790,https://www.goodreads.com/book/show/59723790-the-first-to-die-at-the-end?from_choice=true,The First to Die at the End,Adam Silvera,4.03,"71,222",,560 pages,2022-10-04,,20,337,28871,4,58,,560.0
Young Adult Fiction,56970272,https://www.goodreads.com/book/show/56970272-i-must-betray-you?from_choice=true,I Must Betray You,Ruta Sepetys,4.41,"63,960",,321 pages,2022-02-01,Kindle $8.99,11,212,26919,5,69,8.99,321.0
Young Adult Fiction,57917042,https://www.goodreads.com/book/show/57917042-anatomy?from_choice=true,Anatomy,Dana Schwartz,3.84,"69,522",,338 pages,2022-01-18,,19,3223,26504,6,73,,338.0
Young Adult Fiction,57899793,https://www.goodreads.com/book/show/57899793-all-my-rage?from_choice=true,All My Rage,Sabaa Tahir,4.52,"42,496",,376 pages,2022-03-01,Kindle $8.99,24,328,23683,7,83,8.99,376.0
Young Adult Fiction,61713106,https://www.goodreads.com/book/show/61713106-i-fell-in-love-with-hope?from_choice=true,I Fell in Love with Hope,Lancali.,3.99,"17,381",,402 pages,2022-08-01,Kindle Unlimited $0.00,1,5449,22486,8,89,0.0,402.0
Young Adult Fiction,59586261,https://www.goodreads.com/book/show/59586261-family-of-liars?from_choice=true,Family of Liars,E. Lockhart,3.78,"78,176",,299 pages,2022-05-03,,26,148,22296,9,90,,299.0
Young Adult Fiction,58842731,https://www.goodreads.com/book/show/58842731-the-lesbiana-s-guide-to-catholic-school?from_choice=true,The Lesbiana's Guide to Catholic School,Sonora Reyes,4.31,"19,338",,385 pages,2022-05-17,Kindle $12.99,4,769,17123,10,120,12.99,385.0
Young Adult Fiction,57390604,https://www.goodreads.com/book/show/57390604-as-long-as-the-lemon-trees-grow?from_choice=true,As Long as the Lemon Trees Grow,Zoulfa Katouh,4.52,"34,833",,417 pages,2022-09-13,Kindle $10.99,1,2738,5750,11,190,10.99,417.0
Young Adult Fiction,59816818,https://www.goodreads.com/book/show/59816818-the-weight-of-blood?from_choice=true,The Weight of Blood,Tiffany D. Jackson,4.22,"19,098",,416 pages,2022-09-06,Kindle Unlimited $0.00,17,6833,5448,12,194,0.0,416.0
Young Adult Fiction,56200366,https://www.goodreads.com/book/show/56200366-you-ll-be-the-death-of-me?from_choice=true,You'll Be the Death of Me,Karen M. McManus,3.74,"61,587",,336 pages,2021-11-30,Kindle $10.99,25,309,5344,13,195,10.99,336.0
Young Adult Fiction,58437812,https://www.goodreads.com/book/show/58437812-she-gets-the-girl?from_choice=true,She Gets the Girl,"Rachael Lippincott,Alyson Derrick",4.13,"50,440",,384 pages,2022-04-05,Kindle Unlimited $0.00,10,5570,5274,14,199,0.0,384.0
Young Adult Fiction,57911600,https://www.goodreads.com/book/show/57911600-hell-followed-with-us?from_choice=true,Hell Followed With Us,Andrew Joseph White,4.16,"16,313",,416 pages,2022-06-07,Kindle $10.99,9,2074,4337,15,218,10.99,416.0
Young Adult Fiction,59365594,https://www.goodreads.com/book/show/59365594-see-you-yesterday?from_choice=true,See You Yesterday,Rachel Lynn Solomon,3.92,"21,770",,419 pages,2022-05-17,Kindle $9.99,13,6761,4275,16,221,9.99,419.0
Young Adult Fiction,58857822,https://www.goodreads.com/book/show/58857822-my-mechanical-romance?from_choice=true,My Mechanical Romance,Alexene Farol Follmuth,3.89,"18,276",,272 pages,2022-05-31,Kindle $9.99,2,622,3892,17,228,9.99,272.0
Young Adult Fiction,51559209,https://www.goodreads.com/book/show/51559209-nothing-more-to-tell?from_choice=true,Nothing More to Tell,Karen M. McManus,3.92,"45,512",,358 pages,2022-08-30,Kindle $10.99,25,309,3830,18,230,10.99,358.0
Young Adult Fiction,56978109,https://www.goodreads.com/book/show/56978109-ophelia-after-all?from_choice=true,Ophelia After All,Racquel Marie,4.09,"9,631",,341 pages,2022-02-08,Kindle $9.99,6,608,2165,19,289,9.99,341.0
Young Adult Fiction,58543750,https://www.goodreads.com/book/show/58543750-a-show-for-two?from_choice=true,A Show for Two,Tashie Bhuiyan,3.94,"4,796",,416 pages,2022-05-10,Kindle $13.99,4,2194,1272,20,322,13.99,416.0
Young Adult Fantasy & Science Fiction,58064046,https://www.goodreads.com/book/show/58064046-gallant?from_choice=true,Gallant,"V.E. Schwab,Manuel Sumberac(Illustrator)",3.73,"105,516",,338 pages,2022-03-01,Kindle $10.99,61,707,40467,1,33,10.99,338.0
Young Adult Fantasy & Science Fiction,59365195,https://www.goodreads.com/book/show/59365195-bloodmarked?from_choice=true,Bloodmarked,Tracy Deonn,4.34,"48,548",,576 pages,2022-11-08,,9,9495,37691,2,37,,576.0
Young Adult Fantasy & Science Fiction,60021196,https://www.goodreads.com/book/show/60021196-kingdom-of-the-feared?from_choice=true,Kingdom of the Feared,Kerri Maniscalco,3.88,"91,965",,401 pages,2022-09-27,,16,281,34823,3,44,,401.0
Young Adult Fantasy & Science Fiction,59808071,https://www.goodreads.com/book/show/59808071-the-ballad-of-never-after?from_choice=true,The Ballad of Never After,Stephanie Garber,4.55,"159,972",,403 pages,2022-09-13,,13,481,32165,4,51,,403.0
Young Adult Fantasy & Science Fiction,56978100,https://www.goodreads.com/book/show/56978100-the-girl-who-fell-beneath-the-sea?from_choice=true,The Girl Who Fell Beneath the Sea,"Axie Oh,Kuri Huang(Illustrator)",4.13,"58,577",,325 pages,2022-02-22,Kindle $10.99,9,4046,28009,5,63,10.99,325.0
Young Adult Fantasy & Science Fiction,57571215,https://www.goodreads.com/book/show/57571215-cytonic?from_choice=true,Cytonic,Brandon Sanderson,4.08,"45,729",,415 pages,2021-11-23,,430,220,19674,6,103,,415.0
Young Adult Fantasy & Science Fiction,60138097,https://www.goodreads.com/book/show/60138097-foul-lady-fortune?from_choice=true,Foul Lady Fortune,Chloe Gong,4.27,"21,805",,528 pages,2022-09-27,,16,231,18638,7,109,,528.0
Young Adult Fantasy & Science Fiction,59227936,https://www.goodreads.com/book/show/59227936-belladonna?from_choice=true,Belladonna,Adalyn  Grace,4.05,"68,060",,409 pages,2022-08-30,,5,5718,17662,8,113,,409.0
Young Adult Fantasy & Science Fiction,59251223,https://www.goodreads.com/book/show/59251223-cursed?from_choice=true,Cursed,Marissa Meyer,4.02,"18,841",,485 pages,2022-11-08,,72,124,17483,9,116,,485.0
Young Adult Fantasy & Science Fiction,57992931,https://www.goodreads.com/book/show/57992931-this-woven-kingdom?from_choice=true,This Woven Kingdom,Tahereh Mafi,4.0,"44,485",,512 pages,2022-02-01,,54,506,16678,10,125,,512.0
Young Adult Fantasy & Science Fiction,58311939,https://www.goodreads.com/book/show/58311939-these-twisted-bonds?from_choice=true,These Twisted Bonds,Lexi Ryan,4.0,"54,675",,481 pages,2022-07-19,,60,7419,5038,11,203,,481.0
Young Adult Fantasy & Science Fiction,58329296,https://www.goodreads.com/book/show/58329296-all-that-s-left-in-the-world?from_choice=true,All That’s Left in the World,Erik J. Brown,4.25,"24,580",,345 pages,2022-03-08,Kindle $13.99,4,1352,4973,12,206,13.99,345.0
Young Adult Fantasy & Science Fiction,59251248,https://www.goodreads.com/book/show/59251248-the-sunbearer-trials?from_choice=true,The Sunbearer Trials,Aiden Thomas,4.37,"14,719",,405 pages,2022-09-06,,8,8016,4609,13,210,,405.0
Young Adult Fantasy & Science Fiction,55812605,https://www.goodreads.com/book/show/55812605-hotel-magnifique?from_choice=true,Hotel Magnifique,Emily J. Taylor,3.78,"21,425",,400 pages,2022-04-05,Kindle $8.99,3,641,4531,14,214,8.99,400.0
Young Adult Fantasy & Science Fiction,56978089,https://www.goodreads.com/book/show/56978089-a-magic-steeped-in-poison?from_choice=true,A Magic Steeped in Poison,Judy I. Lin,3.85,"24,564",,374 pages,2022-03-29,,5,1473,4426,15,215,,374.0
Young Adult Fantasy & Science Fiction,58437818,https://www.goodreads.com/book/show/58437818-so-this-is-ever-after?from_choice=true,So This Is Ever After,F.T. Lukens,3.94,"20,869",,352 pages,2022-03-29,Kindle $9.99,10,2446,4408,16,216,9.99,352.0
Young Adult Fantasy & Science Fiction,60099660,https://www.goodreads.com/book/show/60099660-if-you-could-see-the-sun?from_choice=true,If You Could See the Sun,Ann Liang,4.04,"27,530",,352 pages,2022-10-11,Kindle Unlimited $0.00,7,3100,4296,17,220,0.0,352.0
Young Adult Fantasy & Science Fiction,58210340,https://www.goodreads.com/book/show/58210340-only-a-monster?from_choice=true,Only a Monster,Vanessa Len,3.88,"24,271",,416 pages,2022-02-01,,3,1479,3169,18,255,,416.0
Young Adult Fantasy & Science Fiction,59709309,https://www.goodreads.com/book/show/59709309-the-dragon-s-promise?from_choice=true,The Dragon's Promise,Elizabeth Lim,3.79,"19,553",,484 pages,2022-08-30,,26,9359,2404,19,283,,484.0
Young Adult Fantasy & Science Fiction,59513138,https://www.goodreads.com/book/show/59513138-violet-made-of-thorns?from_choice=true,Violet Made of Thorns,Gina Chen,3.57,"17,059",,368 pages,2022-07-26,,4,807,2147,20,290,,368.0
Middle Grade & Children's,57347345,https://www.goodreads.com/book/show/57347345-i-am-quiet?from_choice=true,I Am Quiet: A Story for the Introvert in All of Us,"Andie Powers,Betsy Petersen(Illustrator)",4.16,"2,095",389.0,32 pages,2022-04-12,Kindle $9.99,3,91,26266,1,75,9.99,32.0
Middle Grade & Children's,59773289,https://www.goodreads.com/book/show/59773289-rise-of-the-school-for-good-and-evil?from_choice=true,Rise of the School for Good and Evil,Soman Chainani,4.06,"4,265",510.0,356 pages,2022-05-31,,73,7100,22822,2,87,,356.0
Middle Grade & Children's,53023305,https://www.goodreads.com/book/show/53023305-amari-and-the-great-game?from_choice=true,Amari and the Great Game,B.B. Alston,4.34,"8,902",,400 pages,2022-08-30,,6,1603,20315,3,100,,400.0
Middle Grade & Children's,58932372,https://www.goodreads.com/book/show/58932372-small-town-pride?from_choice=true,Small Town Pride,Phil Stamper,4.16,"1,719",408.0,272 pages,2022-05-31,Kindle $7.49,11,1659,17263,4,118,7.49,272.0
Middle Grade & Children's,57468730,https://www.goodreads.com/book/show/57468730-witchlings?from_choice=true,Witchlings,Claribel A. Ortega,4.16,"3,785",776.0,334 pages,2022-04-05,,12,779,15897,5,129,,334.0
Middle Grade & Children's,58455872,https://www.goodreads.com/book/show/58455872-this-is-not-enough?from_choice=true,This Is (Not) Enough,"Anna Kang,Christopher Weyant(Illustrator)",4.11,"1,125",147.0,40 pages,2022-03-01,,21,216,15750,6,130,,40.0
Middle Grade & Children's,58977856,https://www.goodreads.com/book/show/58977856-stellarlune?from_choice=true,Stellarlune,Shannon Messenger,4.44,"16,375",,732 pages,2022-11-08,,31,149,14894,7,134,,732.0
Middle Grade & Children's,59365584,https://www.goodreads.com/book/show/59365584-zachary-ying-and-the-dragon-emperor?from_choice=true,Zachary Ying and the Dragon Emperor,Xiran Jay Zhao,4.11,"3,744",933.0,340 pages,2022-05-10,Kindle $8.99,3,123,11387,8,151,8.99,340.0
Middle Grade & Children's,59568370,https://www.goodreads.com/book/show/59568370-the-elephant-girl?from_choice=true,The Elephant Girl,"James Patterson,Ellen Banda-Aaku,Sophia Krevoy(With)",4.14,822,140.0,272 pages,2022-07-25,Kindle $9.99,"1,658",344,11243,9,152,9.99,272.0
Middle Grade & Children's,58684442,https://www.goodreads.com/book/show/58684442-aru-shah-and-the-nectar-of-immortality?from_choice=true,Aru Shah and the Nectar of Immortality,Roshani Chokshi,4.51,"3,596",476.0,373 pages,2022-04-05,,45,106,11104,10,153,,373.0
Middle Grade & Children's,56896065,https://www.goodreads.com/book/show/56896065-the-marvellers?from_choice=true,The Marvellers,"Dhonielle Clayton,Khadijah Khatib(Illustrator)",4.03,"3,813",828.0,416 pages,2022-05-03,,27,2466,3658,11,234,,416.0
Middle Grade & Children's,60245567,https://www.goodreads.com/book/show/60245567-ravenfall?from_choice=true,Ravenfall,Kalyn Josephson,3.94,"1,716",356.0,256 pages,2022-09-06,,9,799,3180,12,253,,256.0
Middle Grade & Children's,58328436,https://www.goodreads.com/book/show/58328436-the-ogress-and-the-orphans?from_choice=true,The Ogress and the Orphans,Kelly Barnhill,4.28,"5,878",,392 pages,2022-03-08,Kindle $8.99,48,3432,3069,13,258,8.99,392.0
Middle Grade & Children's,59917927,https://www.goodreads.com/book/show/59917927-the-best-gift-for-bear?from_choice=true,The Best Gift for Bear,Jennifer A. Bell,4.23,455,77.0,40 pages,2022-09-27,Kindle Unlimited $0.00,70,42,2760,14,269,0.0,40.0
Middle Grade & Children's,58957681,https://www.goodreads.com/book/show/58957681-i-am-able-to-shine?from_choice=true,I Am Able to Shine,"Korey Watari,Mike Wu(Illustrator)",4.3,755,121.0,40 pages,2022-05-01,Kindle Unlimited $0.00,1,22,2734,15,273,0.0,40.0
Middle Grade & Children's,58201801,https://www.goodreads.com/book/show/58201801-new-from-here?from_choice=true,New from Here,Kelly Yang,4.3,"3,646",665.0,368 pages,2022-03-01,Kindle $8.99,17,1989,2668,16,274,8.99,368.0
Middle Grade & Children's,60531094,https://www.goodreads.com/book/show/60531094-the-pennymores-and-the-curse-of-the-invisible-quill?from_choice=true,The Pennymores and the Curse of the Invisible Quill,Eric Koester,4.33,294,129.0,363 pages,2022-01-01,,10,196,2321,17,286,,363.0
Middle Grade & Children's,61304987,https://www.goodreads.com/book/show/61304987-the-girl-in-white?from_choice=true,The Girl in White,Lindsay Currie,3.83,"1,081",231.0,304 pages,2022-09-06,Kindle $7.55,11,769,2245,18,288,7.55,304.0
Middle Grade & Children's,59808314,https://www.goodreads.com/book/show/59808314-bastille-vs-the-evil-librarians?from_choice=true,Bastille vs. the Evil Librarians,"Brandon Sanderson,Janci Patterson,Hayley Lazo(Illustrator)",4.08,"3,352",458.0,256 pages,2022-09-20,,430,220,2000,19,293,,256.0
Middle Grade & Children's,60099657,https://www.goodreads.com/book/show/60099657-how-to-heal-a-gryphon?from_choice=true,How to Heal a Gryphon,Meg Cannistra,3.89,225,90.0,304 pages,2022-10-04,,4,41,1706,20,313,,304.0
